# dist_m,ground_m,earth_bulge_m_k1.33
0.0,1114.0,0.0
15.5,1114.0,0.0
31.0,1113.6,0.0
46.5,1113.0,0.0
62.0,1111.9,0.0
77.5,1111.2,0.0
93.0,1110.5,0.1
108.5,1109.6,0.1
124.0,1109.0,0.1
139.5,1109.0,0.1
155.0,1109.0,0.1
170.5,1109.0,0.1
186.0,1109.0,0.1
201.5,1109.0,0.1
217.0,1109.0,0.1
232.5,1109.0,0.1
248.0,1109.0,0.1
263.5,1109.0,0.1
279.0,1109.0,0.1
294.5,1109.0,0.2
310.0,1108.8,0.2
325.5,1108.4,0.2
341.0,1108.0,0.2
356.5,1108.0,0.2
372.0,1108.0,0.2
387.5,1108.2,0.2
403.0,1108.2,0.2
418.5,1108.0,0.2
434.0,1108.2,0.2
449.5,1108.7,0.2
465.0,1109.0,0.2
480.5,1109.0,0.2
496.0,1109.0,0.3
511.5,1108.7,0.3
527.0,1108.3,0.3
542.5,1107.9,0.3
558.0,1107.5,0.3
573.5,1107.2,0.3
589.0,1106.7,0.3
604.5,1106.3,0.3
620.0,1106.0,0.3
635.5,1105.9,0.3
651.0,1105.4,0.3
666.5,1105.0,0.3
682.0,1105.0,0.3
697.5,1105.0,0.4
713.0,1104.9,0.4
728.5,1104.9,0.4
744.0,1104.9,0.4
759.5,1104.5,0.4
775.0,1104.7,0.4
790.5,1105.1,0.4
806.0,1105.4,0.4
821.5,1105.8,0.4
837.0,1106.0,0.4
852.5,1106.0,0.4
868.0,1106.0,0.4
883.5,1105.9,0.4
899.0,1106.0,0.4
914.5,1106.0,0.5
930.0,1106.1,0.5
945.5,1105.8,0.5
961.0,1105.6,0.5
976.5,1105.6,0.5
992.0,1105.9,0.5
1007.5,1105.8,0.5
1023.0,1105.3,0.5
1038.5,1105.0,0.5
1054.0,1105.4,0.5
1069.5,1105.8,0.5
1085.0,1105.9,0.5
1100.5,1106.0,0.5
1116.0,1106.0,0.5
1131.5,1105.9,0.5
1147.0,1106.0,0.6
1162.5,1106.0,0.6
1178.0,1105.6,0.6
1193.5,1104.9,0.6
1209.0,1104.2,0.6
1224.5,1104.1,0.6
1240.0,1104.0,0.6
1255.5,1103.7,0.6
1271.0,1103.5,0.6
1286.5,1103.7,0.6
1302.0,1104.1,0.6
1317.5,1104.6,0.6
1333.0,1104.7,0.6
1348.5,1104.6,0.6
1364.0,1104.2,0.6
1379.5,1104.3,0.6
1395.0,1105.2,0.6
1410.5,1105.8,0.7
1426.0,1106.0,0.7
1441.5,1105.7,0.7
1457.0,1104.8,0.7
1472.5,1104.0,0.7
1488.0,1103.2,0.7
1503.5,1103.1,0.7
1519.0,1103.2,0.7
1534.5,1103.0,0.7
1550.0,1104.1,0.7
1565.5,1105.2,0.7
1581.0,1106.2,0.7
1596.5,1106.7,0.7
1612.0,1107.0,0.7
1627.5,1106.9,0.7
1643.0,1106.8,0.7
1658.5,1107.0,0.7
1674.0,1106.3,0.8
1689.5,1105.5,0.8
1705.0,1105.1,0.8
1720.5,1105.2,0.8
1736.0,1105.1,0.8
1751.5,1105.0,0.8
1767.0,1105.0,0.8
1782.5,1105.1,0.8
1798.0,1106.2,0.8
1813.5,1107.4,0.8
1829.0,1108.3,0.8
1844.5,1108.8,0.8
1860.0,1109.0,0.8
1875.5,1108.8,0.8
1891.0,1108.4,0.8
1906.5,1108.2,0.8
1922.0,1108.2,0.8
1937.5,1108.2,0.8
1953.0,1108.1,0.8
1968.5,1107.7,0.8
1984.0,1107.3,0.9
1999.5,1106.7,0.9
2015.0,1106.3,0.9
2030.5,1106.3,0.9
2046.0,1106.8,0.9
2061.5,1107.7,0.9
2077.0,1108.5,0.9
2092.5,1109.6,0.9
2108.0,1110.6,0.9
2123.5,1110.3,0.9
2139.0,1110.0,0.9
2154.6,1109.4,0.9
2170.1,1108.0,0.9
2185.6,1107.2,0.9
2201.1,1106.4,0.9
2216.6,1105.6,0.9
2232.1,1105.4,0.9
2247.6,1106.1,0.9
2263.1,1107.1,0.9
2278.6,1107.5,0.9
2294.1,1107.6,0.9
2309.6,1107.2,1.0
2325.1,1106.4,1.0
2340.6,1106.0,1.0
2356.1,1105.9,1.0
2371.6,1105.9,1.0
2387.1,1106.1,1.0
2402.6,1106.4,1.0
2418.1,1106.7,1.0
2433.6,1107.0,1.0
2449.1,1106.7,1.0
2464.6,1106.9,1.0
2480.1,1107.7,1.0
2495.6,1108.2,1.0
2511.1,1108.6,1.0
2526.6,1108.9,1.0
2542.1,1109.6,1.0
2557.6,1110.5,1.0
2573.1,1111.0,1.0
2588.6,1110.8,1.0
2604.1,1110.3,1.0
2619.6,1110.2,1.0
2635.1,1110.5,1.0
2650.6,1110.9,1.0
2666.1,1111.7,1.0
2681.6,1113.0,1.0
2697.1,1113.9,1.0
2712.6,1114.0,1.1
2728.1,1113.2,1.1
2743.6,1111.8,1.1
2759.1,1110.5,1.1
2774.6,1109.4,1.1
2790.1,1109.1,1.1
2805.6,1109.8,1.1
2821.1,1111.0,1.1
2836.6,1112.2,1.1
2852.1,1113.3,1.1
2867.6,1114.3,1.1
2883.1,1115.1,1.1
2898.6,1115.8,1.1
2914.1,1115.9,1.1
2929.6,1115.6,1.1
2945.1,1114.9,1.1
2960.6,1114.2,1.1
2976.1,1113.4,1.1
2991.6,1112.9,1.1
3007.1,1112.9,1.1
3022.6,1112.9,1.1
3038.1,1113.5,1.1
3053.6,1114.3,1.1
3069.1,1114.6,1.1
3084.6,1114.0,1.1
3100.1,1113.1,1.1
3115.6,1112.5,1.1
3131.1,1112.1,1.1
3146.6,1111.9,1.1
3162.1,1112.4,1.1
3177.6,1112.7,1.1
3193.1,1113.0,1.1
3208.6,1113.1,1.2
3224.1,1113.0,1.2
3239.6,1112.9,1.2
3255.1,1113.2,1.2
3270.6,1113.6,1.2
3286.1,1113.8,1.2
3301.6,1114.3,1.2
3317.1,1115.0,1.2
3332.6,1115.0,1.2
3348.1,1115.0,1.2
3363.6,1114.9,1.2
3379.1,1114.5,1.2
3394.6,1114.1,1.2
3410.1,1114.4,1.2
3425.6,1115.2,1.2
3441.1,1115.6,1.2
3456.6,1115.9,1.2
3472.1,1116.1,1.2
3487.6,1116.0,1.2
3503.1,1116.0,1.2
3518.6,1116.4,1.2
3534.1,1116.5,1.2
3549.6,1116.6,1.2
3565.1,1117.0,1.2
3580.6,1116.7,1.2
3596.1,1115.9,1.2
3611.6,1115.3,1.2
3627.1,1115.0,1.2
3642.6,1115.0,1.2
3658.1,1115.0,1.2
3673.6,1114.9,1.2
3689.1,1114.4,1.2
3704.6,1114.4,1.2
3720.1,1114.6,1.2
3735.6,1114.3,1.2
3751.1,1114.6,1.2
3766.6,1115.4,1.2
3782.1,1116.3,1.2
3797.6,1117.0,1.2
3813.1,1117.3,1.2
3828.6,1117.3,1.2
3844.1,1117.2,1.2
3859.6,1117.1,1.2
3875.1,1117.0,1.2
3890.6,1117.0,1.2
3906.1,1117.0,1.2
3921.6,1117.4,1.2
3937.1,1117.8,1.2
3952.6,1117.7,1.2
3968.1,1117.7,1.2
3983.6,1117.9,1.2
3999.1,1117.6,1.2
4014.6,1117.2,1.2
4030.1,1116.6,1.3
4045.6,1116.1,1.3
4061.1,1115.9,1.3
4076.6,1116.0,1.3
4092.1,1116.4,1.3
4107.6,1117.1,1.3
4123.1,1117.9,1.3
4138.6,1118.6,1.3
4154.1,1118.8,1.3
4169.6,1118.5,1.3
4185.1,1118.1,1.3
4200.6,1117.9,1.3
4216.1,1117.6,1.3
4231.6,1117.0,1.3
4247.1,1116.8,1.3
4262.6,1116.9,1.3
4278.1,1117.5,1.3
4293.6,1118.2,1.3
4309.1,1119.0,1.3
4324.6,1119.0,1.3
4340.1,1118.6,1.3
4355.6,1118.2,1.3
4371.1,1118.2,1.3
4386.6,1118.2,1.3
4402.1,1118.0,1.3
4417.6,1118.0,1.3
4433.1,1118.0,1.3
4448.6,1118.1,1.3
4464.1,1118.0,1.3
4479.6,1117.7,1.3
4495.1,1117.3,1.3
4510.6,1117.0,1.3
4526.1,1117.1,1.3
4541.6,1117.1,1.3
4557.1,1116.5,1.3
4572.6,1115.3,1.3
4588.1,1114.3,1.3
4603.6,1114.0,1.3
4619.1,1114.3,1.3
4634.6,1114.8,1.3
4650.1,1114.9,1.3
4665.6,1114.5,1.3
4681.1,1114.4,1.3
4696.6,1114.3,1.3
4712.1,1113.7,1.3
4727.6,1113.0,1.3
4743.1,1112.6,1.3
4758.6,1112.2,1.3
4774.1,1111.6,1.3
4789.6,1110.5,1.3
4805.1,1109.7,1.3
4820.6,1109.6,1.3
4836.1,1109.7,1.3
4851.6,1110.2,1.3
4867.1,1110.6,1.3
4882.6,1110.2,1.3
4898.1,1109.9,1.3
4913.6,1109.4,1.3
4929.1,1108.6,1.3
4944.6,1108.1,1.3
4960.1,1108.1,1.3
4975.6,1108.0,1.3
4991.1,1108.4,1.3
5006.6,1108.5,1.3
5022.1,1108.2,1.3
5037.6,1107.9,1.3
5053.1,1107.5,1.3
5068.6,1107.0,1.3
5084.1,1106.8,1.3
5099.6,1106.2,1.3
5115.1,1105.9,1.3
5130.6,1105.6,1.3
5146.1,1105.0,1.3
5161.6,1104.7,1.3
5177.1,1104.8,1.3
5192.6,1104.9,1.3
5208.1,1104.9,1.3
5223.6,1104.9,1.3
5239.1,1104.7,1.3
5254.6,1105.1,1.3
5270.1,1106.1,1.3
5285.6,1106.9,1.2
5301.1,1107.7,1.2
5316.6,1107.8,1.2
5332.1,1107.4,1.2
5347.6,1107.0,1.2
5363.1,1106.8,1.2
5378.6,1106.8,1.2
5394.1,1106.8,1.2
5409.6,1106.2,1.2
5425.1,1106.0,1.2
5440.6,1105.4,1.2
5456.1,1104.9,1.2
5471.6,1104.9,1.2
5487.1,1104.2,1.2
5502.6,1103.5,1.2
5518.1,1102.5,1.2
5533.6,1101.6,1.2
5549.1,1101.0,1.2
5564.6,1101.3,1.2
5580.1,1101.3,1.2
5595.6,1100.9,1.2
5611.1,1099.8,1.2
5626.6,1098.7,1.2
5642.1,1098.3,1.2
5657.6,1098.4,1.2
5673.1,1098.2,1.2
5688.6,1097.8,1.2
5704.1,1097.4,1.2
5719.6,1097.3,1.2
5735.1,1097.6,1.2
5750.6,1098.0,1.2
5766.1,1098.4,1.2
5781.6,1098.4,1.2
5797.1,1098.5,1.2
5812.6,1098.9,1.2
5828.1,1098.8,1.2
5843.6,1098.5,1.2
5859.1,1097.8,1.2
5874.6,1097.0,1.2
5890.1,1095.9,1.2
5905.6,1095.6,1.2
5921.1,1095.2,1.2
5936.6,1094.9,1.2
5952.1,1095.1,1.2
5967.6,1095.8,1.2
5983.1,1096.6,1.2
5998.6,1096.8,1.2
6014.1,1096.4,1.2
6029.6,1096.0,1.2
6045.1,1095.3,1.2
6060.6,1094.6,1.2
6076.1,1094.5,1.2
6091.6,1094.9,1.2
6107.1,1095.0,1.1
6122.6,1095.1,1.1
6138.1,1095.0,1.1
6153.6,1095.0,1.1
6169.1,1095.4,1.1
6184.6,1096.0,1.1
6200.1,1096.2,1.1
6215.6,1096.2,1.1
6231.1,1096.6,1.1
6246.6,1096.5,1.1
6262.1,1096.5,1.1
6277.6,1096.2,1.1
6293.1,1095.8,1.1
6308.6,1095.0,1.1
6324.1,1094.2,1.1
6339.6,1093.4,1.1
6355.1,1092.9,1.1
6370.6,1092.8,1.1
6386.1,1093.0,1.1
6401.6,1092.6,1.1
6417.1,1092.6,1.1
6432.6,1092.9,1.1
6448.2,1092.9,1.1
6463.7,1092.9,1.1
6479.2,1092.6,1.1
6494.7,1091.9,1.1
6510.2,1091.0,1.1
6525.7,1090.7,1.1
6541.2,1089.9,1.1
6556.7,1089.1,1.1
6572.2,1089.2,1.1
6587.7,1089.1,1.1
6603.2,1089.5,1.0
6618.7,1090.3,1.0
6634.2,1091.0,1.0
6649.7,1091.3,1.0
6665.2,1091.2,1.0
6680.7,1090.9,1.0
6696.2,1090.8,1.0
6711.7,1091.0,1.0
6727.2,1090.6,1.0
6742.7,1090.2,1.0
6758.2,1090.2,1.0
6773.7,1090.4,1.0
6789.2,1090.9,1.0
6804.7,1091.3,1.0
6820.2,1091.4,1.0
6835.7,1091.1,1.0
6851.2,1090.2,1.0
6866.7,1089.5,1.0
6882.2,1089.3,1.0
6897.7,1089.6,1.0
6913.2,1090.0,1.0
6928.7,1090.0,1.0
6944.2,1090.0,1.0
6959.7,1089.8,1.0
6975.2,1089.6,1.0
6990.7,1089.6,1.0
7006.2,1089.7,0.9
7021.7,1089.6,0.9
7037.2,1089.6,0.9
7052.7,1089.6,0.9
7068.2,1089.6,0.9
7083.7,1089.6,0.9
7099.2,1089.4,0.9
7114.7,1089.0,0.9
7130.2,1089.0,0.9
7145.7,1088.8,0.9
7161.2,1088.2,0.9
7176.7,1088.0,0.9
7192.2,1088.0,0.9
7207.7,1088.0,0.9
7223.2,1088.2,0.9
7238.7,1088.4,0.9
7254.2,1088.4,0.9
7269.7,1088.1,0.9
7285.2,1088.2,0.9
7300.7,1088.6,0.9
7316.2,1088.6,0.9
7331.7,1088.5,0.8
7347.2,1088.7,0.8
7362.7,1088.6,0.8
7378.2,1088.6,0.8
7393.7,1089.0,0.8
7409.2,1088.9,0.8
7424.7,1089.0,0.8
7440.2,1088.8,0.8
7455.7,1088.5,0.8
7471.2,1088.1,0.8
7486.7,1088.0,0.8
7502.2,1088.0,0.8
7517.7,1088.3,0.8
7533.2,1088.7,0.8
7548.7,1089.0,0.8
7564.2,1088.8,0.8
7579.7,1088.4,0.8
7595.2,1088.0,0.8
7610.7,1088.0,0.8
7626.2,1088.0,0.8
7641.7,1087.7,0.7
7657.2,1087.3,0.7
7672.7,1086.9,0.7
7688.2,1086.0,0.7
7703.7,1085.3,0.7
7719.2,1085.0,0.7
7734.7,1085.0,0.7
7750.2,1085.0,0.7
7765.7,1085.0,0.7
7781.2,1085.0,0.7
7796.7,1085.0,0.7
7812.2,1085.4,0.7
7827.7,1085.8,0.7
7843.2,1086.1,0.7
7858.7,1086.2,0.7
7874.2,1086.0,0.7
7889.7,1085.6,0.7
7905.2,1085.3,0.6
7920.7,1085.0,0.6
7936.2,1085.4,0.6
7951.7,1085.8,0.6
7967.2,1086.5,0.6
7982.7,1087.0,0.6
7998.2,1087.0,0.6
8013.7,1087.1,0.6
8029.2,1087.1,0.6
8044.7,1086.6,0.6
8060.2,1086.3,0.6
8075.7,1085.8,0.6
8091.2,1085.8,0.6
8106.7,1086.1,0.6
8122.2,1086.8,0.6
8137.7,1087.1,0.6
8153.2,1087.6,0.6
8168.7,1088.0,0.5
8184.2,1088.0,0.5
8199.7,1088.1,0.5
8215.2,1088.5,0.5
8230.7,1088.9,0.5
8246.2,1089.3,0.5
8261.7,1089.5,0.5
8277.2,1089.4,0.5
8292.7,1089.0,0.5
8308.2,1089.4,0.5
8323.7,1089.6,0.5
8339.2,1089.6,0.5
8354.7,1090.0,0.5
8370.2,1090.8,0.5
8385.7,1091.2,0.5
8401.2,1091.6,0.4
8416.7,1091.5,0.4
8432.2,1091.5,0.4
8447.7,1091.5,0.4
8463.2,1091.4,0.4
8478.7,1091.5,0.4
8494.2,1091.9,0.4
8509.7,1092.2,0.4
8525.2,1092.7,0.4
8540.7,1093.6,0.4
8556.2,1094.3,0.4
8571.7,1094.9,0.4
8587.2,1095.9,0.4
8602.7,1096.9,0.4
8618.2,1097.7,0.3
8633.7,1098.0,0.3
8649.2,1098.0,0.3
8664.7,1098.0,0.3
8680.2,1097.7,0.3
8695.7,1097.4,0.3
8711.2,1097.0,0.3
8726.7,1097.0,0.3
8742.2,1097.0,0.3
8757.7,1097.6,0.3
8773.2,1098.7,0.3
8788.7,1099.2,0.3
8804.2,1099.3,0.3
8819.7,1099.7,0.2
8835.2,1099.9,0.2
8850.7,1099.7,0.2
8866.2,1099.8,0.2
8881.7,1099.8,0.2
8897.2,1099.4,0.2
8912.7,1099.1,0.2
8928.2,1099.0,0.2
8943.7,1099.0,0.2
8959.2,1099.0,0.2
8974.7,1099.2,0.2
8990.2,1099.7,0.2
9005.7,1099.8,0.2
9021.2,1099.7,0.1
9036.7,1099.9,0.1
9052.2,1100.1,0.1
9067.7,1100.5,0.1
9083.2,1101.0,0.1
9098.7,1101.2,0.1
9114.2,1101.7,0.1
9129.7,1101.8,0.1
9145.2,1101.7,0.1
9160.7,1101.8,0.1
9176.2,1100.9,0.1
9191.7,1100.2,0.1
9207.2,1100.0,0.1
9222.7,1100.0,0.0
9238.2,1100.0,0.0
9253.7,1100.1,0.0
9269.2,1099.8,0.0
9284.7,1099.6,0.0
9300.2,1100.5,0.0
